tier0,tier1,tier2,tier3, allocation ,tier1_pct,tier2_pct_tier1,alloc_pctg_total,alloc_pct_tier1,full_provision, Notes 
Assistance,Agriculture,Food supply chain and agriculture pandemic response,USDA," $4,000,000,000 ",0.9%,27.5%,0.22%,25.0%,"Provides $4 billion for the U.S. Department of Agriculture (USDA) Secretary to purchase food and agricultural commodities, purchase and distribute agricultural commodities (including fresh produce, dairy, seafood, eggs and meat) to individuals in need, make grants and loans for small or midsized food processors or distributors, producers or other organizations to respond to COVID, make loans and grants to maintain and improve food and agricultural supply chain resiliency",
Assistance,Agriculture,Food supply chain and agriculture pandemic response,Susceptible animals," $300,000,000 ",0.9%,27.5%,0.02%,1.9%,Provides $300 million to monitor and survey susceptible animals for incidents of COVID,
Assistance,Agriculture,Food supply chain and agriculture pandemic response,Other," $100,000,000 ",0.9%,27.5%,0.01%,0.6%,Provides $100 million to reduce the amount of overtime inspection costs of federally inspected small establishments and very small establishments engaged in meat processing,
Assistance,Agriculture,Emergency rural development grants for rural healthcare,," $500,000,000 ",0.9%,,0.03%,3.1%,"Provides $500 million to establish an emergency pilot program within 150 days after the enactment of ARP to increase capacity for vaccine distribution, purchase medical supplies, reimburse lost revenue, increase telehealth capabilities, construct temporary or permanent structures to provide healthcare services, support staffing needs for vaccine administration and testing, and engage in other efforts to support rural healthcare facilities in addressing COVID",
Assistance,Agriculture,Pandemic program administration funds,," $47,500,000 ",0.9%,,0.00%,0.3%,Provides $47.5 million for necessary expenditures associated with carrying out the agriculture subtitle,
Assistance,Agriculture,Oversight of COVID-related programs,," $2,500,000 ",0.9%,,0.00%,0.0%,"Provides $2.5 million for audits, investigations and other oversight activities carried out with funds made available to the USDA related to the COVID pandemic",
Assistance,Agriculture,Farm loan assistance,," $4,000,000 ",0.9%,,0.00%,0.0%,"Provides that the USDA Secretary shall provide a payment up to 120 percent of the outstanding indebtedness of each socially disadvantaged farmer or rancher as of Jan.1, 2021,to pay off the loan directly or to the socially disadvantaged farmer or rancher for a direct farm loan or farm loan guaranteed by the Secretary", https://www.cbo.gov/system/files/2021-02/hagreconciliation.pdf pg 6 
Assistance,Agriculture,USDA assistance,," $1,010,000,000 ",0.9%,,0.06%,6.3%,"Provides $1.01 billion to provide assistance for socially disadvantaged farmers, ranches, forest land owners, operators and groups, including: not less than 5% to provide outreach, mediation, financial training, capacity building training, cooperative development training and support, and other technical assistance; not less than 5% to provide grants and loans to improve land access for socially disadvantaged farmers, ranchers or forest landowners; not less than 0.5% to support the activities of equity commissions; not less than 5% to support research, education and extension, including scholarships and internships that provide pathways to federal employment; not less than 5% to provide assistance to sociallydisadvantaged farmers, ranchers, or forest landowners who have suffered adverse actions, past discrimination or bias",
Assistance,Agriculture,Commodity credit corporation(CCC),," $800,000,000 ",0.9%,,0.04%,5.0%,Provides $800 million for the CCC to acquire and make available commodities under Section 406(b) of the Food for Peace Act,
Assistance,Agriculture,Other,," $9,236,000,000 ",0.9%,,0.51%,57.7%,,
Assistance,Nutrition Assistance,Other,," $(1,847,000,000)",0.6%,,,,,
Assistance,Nutrition Assistance,Supplemental nutrition assistance program (SNAP),Extension of increase," $3,540,000,000 ",0.6%,38.2%,0.19%,33.6%,"Extends the 15percent increase in SNAP benefits through September 30, 2021 to address the hunger crisis.", https://www.cbo.gov/system/files/2021-02/hagreconciliation.pdf 
Assistance,Nutrition Assistance,Supplemental nutrition assistance program (SNAP),Program management & oversight," $15,000,000 ",0.6%,38.2%,0.00%,0.1%,Management and oversight of the supplemental nutrition assistance program (SNAP),
Assistance,Nutrition Assistance,Supplemental nutrition assistance program (SNAP),Grants for state agency," $1,150,000,000 ",0.6%,38.2%,0.06%,10.9%,Grants to each state agency for fiscal years 2021-2023: 75 percent of funds will be distributed based on the share of each state's households that participated in the program for the most recent 12-month period and 25 percent of funds will be distributed based on the increased number of households that participated in the program for the most recent 12-month period, https://www.cbo.gov/system/files/2021-02/hagreconciliation.pdf 
Assistance,Nutrition Assistance,Supplemental nutrition assistance program (SNAP),Tech improvement," $25,000,000 ",0.6%,38.2%,0.00%,0.2%,"Technological improvements to improve online purchasing, modernize electronic benefit transfer technology, support mobile technologies demonstration projects and provide technical assistance to educate retailers on the online acceptance of SNAP benefits",
Assistance,Nutrition Assistance,Additional funding,," $1,000,000,000 ",0.6%,,0.05%,9.5%,"Nutrition assistance for the Commonwealth of Northern Mariana Islands, Puerto Rico and American Samoa",
Assistance,Nutrition Assistance,Supplemental food program,," $37,000,000 ",0.6%,,0.00%,0.4%,"Commodity distribution program to maintain the traditional levels of assistance for food assistance programs, including but not limited to, distribution to institutions (including hospitals and facilities caring for needy infants and children), supplemental feeding programs serving women, infants and children (WIC) or elderly persons, disaster areas, summer camps for children, the Trust Territory of the Pacific Islands and tribal organization requests for the distribution of federally donated foods pursuant to Section 4(b) of the Food and Nutrition Act of 2008",
Assistance,Nutrition Assistance,Improvements to WIC benefits,," $490,000,000 ",0.6%,,0.03%,4.6%,"Provides $490 million to increase cash vouchers for any state agency that notifies the Secretary of the Department of Agriculture of the intent to use the increased amounts. The authority of a state agency to increase the amount of a cash-value voucher will terminate on September 30, 2021",
Assistance,Nutrition Assistance,WIC program modernization,," $390,000,000 ",0.6%,,0.02%,3.7%,"Provides $390 million to carry out outreach, innovation and program modernization efforts, including appropriate waivers and flexibility, to increase participate in and redemption of benefits under programs established under Section 17 of the Child Nutrition Act of 1966",
Assistance,Nutrition Assistance,Meals and supplements reimbursement,," $180,000,000 ",0.6%,,0.01%,1.7%,"Permits the Secretary of the Department of Agriculture to reimburse emergency shelter institutions for meals and supplements serving individuals whoare under the age of 25 and are receiving assistance, including non-residential assistance, from the emergency shelter"," https://www.cbo.gov/system/files/2021-02/hEdandLaborreconciliationestimate.pdf, page 14 "
Assistance,Nutrition Assistance,Pandemic Electronic Benefit Transfer (P-EBT) program,," $5,560,000,000 ",0.6%,,0.30%,52.8%,Amends Section 1101 of the Families First Coronavirus Response Act to permit a state agency to extend a state agency plan for 90 days for the purpose of operating a program during a covered summer period when the school lunch program under the Richard B. Russell National School Lunch Act or the school breakfast program under Section 4 of the Child Nutrition Act of 1966 (42 U.S.C. 1773) and covered child care facilities are closed," https://www.cbo.gov/system/files/2021-02/hEdandLaborreconciliationestimate.pdf, page 14 "
Assistance,Child Care,Childcare and development block grant,," $15,000,000,000 ",2.2%,,0.82%,37.5%,"$15 billion of these funds will go to the Child Care and Development Block Grant (CCDBG) to subsidize child care for 875,000 children during the next year",
Assistance,Child Care,Stabilization funds,," $24,000,000,000 ",2.2%,,1.31%,60.0%,"$24 billion is forchild care stabilization funds to save and sustain nearly 449,000 child care programs, impacting 7.3 million children",
Assistance,Child Care,Headstart,," $1,000,000,000 ",2.2%,,0.05%,2.5%,$1 billion for Head Start to ensure that programs can continue to provide vital services to children and families,
Assistance,Housing,Emergency rental assistance,," $5,850,000,000 ",2.6%,57.5%,0.32%,12.3%,"Remainder of the Corona Relief Fund. The first 40 percent of the total funds must be paid to grantees within 60 days of enactment; when a grantee has obligated not less than 75 percent of funds already dispersed, the Treasury Secretary may provide additional disbursements of the grantee's allocation. Under the bill, households are eligible for emergency rental assistance funds if one or more individuals: 1) has qualified for unemployment benefits or experienced a reduction in household income, incurred significant costs, or experienced other financial hardship during or due, directly or indirectly, to the pandemic; 2) can demonstrate a risk of experiencing homelessness or housing instability; and 3) has a household income below 80 percent of the Area Median Income (AMI). States and localities must prioritize households below 50percentof AMI or those who are unemployed and have been unemployed for 90 days; states and localities can provide additional prioritization of funds. The funds must be used to provide financial assistance, including back and forward rent and utility payments, and other housing expenses, and assistance can be provided for 18 months; not more than 10 percent of funds may be used to provide case management and other services intended to help keep households stably housed, and not more than 15 percen tof funds paid to a state or local government can be used for administrative costs. After March 31, 2022, the Treasury Secretary may recapture excess funds not obligated by a state or locality and reallocate and repay these dollars to eligible grantees who, at the time of such reallocation, have obligated at least 50 percent of the amount originally allocated and have met other criteria; funds not obligated may be used to provide affordable housing to very low-income households, so long as the grantee has obligated at least 75 percent of its total allocation, and funds provided under this bill are available until Sept. 30, 2025. The bill extends the deadline to spend the initial $25 billion tranche of funding provided by Congress in December 2020 from Dec. 31, 2021 to Sept. 30, 2022.",
Assistance,Housing,Emergency rental assistance,Corona relief fund (CRF)," $18,593,000,000 ",2.6%,57.5%,1.02%,39.0%,"Of the $27.4 billion provided for rental assistance, $21.55 billion will be funded through the Coronavirus Relief Fund (CRF)and administered by the U.S. Department of the Treasury",
Assistance,Housing,Emergency rental assistance,CRF for territories," $305,000,000 ",2.6%,57.5%,0.02%,0.6%,$305 million of the Corona Relief Fund is set aside for territories,
Assistance,Housing,Emergency rental assistance,CRF for states," $152,000,000 ",2.6%,57.5%,0.01%,0.3%,$152 million of the Corona Relief Fund is set aside for states,
Assistance,Housing,Emergency rental assistance,CRF for high-need communities," $2,500,000,000 ",2.6%,57.5%,0.14%,5.2%," $2.5 billion of the Corona Relief Fund will be distributed to high-need communitiesandwill be distributed based on the number of very low-income renter households paying more than 50 percent of income on rent or living in substandard or overcrowded conditions, rental market costs and employment trends.",
Assistance,Housing,Emergency housing vouchers,," $5,000,000,000 ",2.6%,,0.27%,10.5%,"Provides $5 billion for housing vouchers with funds available through Sept. 30, 2030. These funds must be used to provide and renew emergency vouchers, to cover administrative costs and to make adjustments for public housing agencies that would otherwise be required to terminate rental assistance due to a significant increase in voucher per-unit costs due to extraordinary circumstances. Under the bill, households are eligible for emergency vouchers if they 1) are or are at risk of experiencing homelessness, 2) are fleeing or attempting to flee domestic violence, dating violence, stalking, sexual assault or human trafficking, or 3) are recently homeless and rental assistance will prevent the family's homelessness or having a high risk of housing instability. Public housing agencies will be notified of the number of vouchers allocated to them within 60 days, with vouchers tobe distributed by a formula that includes capacity and ensures geographic diversity, and the Secretary may revoke and redistribute any unleased vouchers after a reasonable time; a public housing agency may not reissue any vouchers after Sept. 30, 2023, when assistance for the family assisted ends ",
Assistance,Housing,Emergency assistance for rural housing,," $100,000,000 ",2.6%,,0.01%,0.2%,"Provides $100 million in rental assistance to assist rural households living in USDA-financed properties; funds are available until Sept. 30, 2022, and they may be used to cover back rent and ongoing rental assistance",
Assistance,Housing,Housing counseling,," $100,000,000 ",2.6%,,0.01%,0.2%,"$100 million for housing counseling through Neighbor Works America. Of the funds provided, not less than 40 percent must be provided to housing counseling organizations that 1) target minority and low-income homeowners, renters and individuals experiencing homelessness or 2) provide services in neighborhoods with high concentrations of minority and low-income homeowners, renters and individuals experiencing homelessness.",
Assistance,Housing,Homelessness assistance,," $5,000,000,000 ",2.6%,,0.27%,10.5%,"Provides $5 billion to provide rental assistance and supportive services, to develop affordable rental housing, to help acquire non-congregate shelter to be converted into permanent affordable housing or used as emergency shelter. These funds must primarily benefit 1) individuals or households that are or are at risk of experiencing homelessness, 2) people who are fleeing or attempting to flee domestic violence, dating violence, stalking, sexual assault or human trafficking, 3) populations for whom supportive services would prevent the family's homelessness or having a high risk of housing instability, or 4) households with a veteran family member that meets one of these criteria. Funds will be allocated within 30 days of enactment using the HOME Investment Partnerships program formula; the bill waives statutory requirements, including a commitment deadline, matching requirements and set-aside for Community Housing Development Organizations (CHDOs).  Up to 15 percent of the funds may be used to cover administrative costs; a grantee may receive up to an additional 5 percent of its allocation for operating costs for certain CHDOs and nonprofit organizations if the funds are used to build capacity",
Assistance,Housing,Homeowner assistance fund,," $9,961,000,000 ",2.6%,,0.55%,20.9%,"Provides $9.961billion in funding to be distributed to statesthrough the U.S. Department of the Treasury. States can apply for the fund 45 days after enactment –reducing the likelihood that there will be implementing regulations; instead, Treasury will dictate terms throughthe contracts with the states. Impacts existing pipeline of delinquencies –tolling date is Jan 21, 2020; expenses related to delinquencies prior to January 2020 are not eligible,but there is no requirement that the loan be performing as of January2020 in orderto avail themselves of support. Eligible uses of the funds include: mortgage payments; principal reduction; interest rate reductions; funds to reinstate a mortgage after forbearance, delinquency or default; payment assistance for utilities, internet, property taxes, homeowners insurance, mortgage insurance, flood insurance, condo fees and homeowner association fees; anda catch-all for ""any other assistance to promote housing stability"". Unlike the Hardest Hit Fund, the money is not directly earmarked to state housing finance agencies (HFAs), but it is likely that states will rely on state HFAs to do principal write-downs and interest ratereduction refinance loans (IRRLs). States can also use the money to reimburse themselves for their own programs that pre-date disbursement from the TreasuryDepartment. States have to spend 60 percent of the funds on borrowers at or below the AMI. The maximum amount of support is the government-sponsored enterprise (GSE) conforming loan limit",
Assistance,Housing,Relief for direct loan borrowers,," $39,000,000 ",2.6%,,0.00%,0.1%,Provides $39 million to assist rural homeowners through USDA's Section 502 and Section 504 direct loan programs,
Assistance,Housing,Fair Housing Initiatives Program,," $20,000,000 ",2.6%,,0.00%,0.0%,"$20 million increase to the U.S. Department of Housing and Urban Development's(HUD) Fair Housing Initiatives Program (FHIP) to help identify government agencies that handle complaints of housing discrimination. Eligible grantees include state or local governments, qualified fair housing enforcement organizations with at least two years of experience,andother public or private nonprofit organizations representing individuals who have been victims of housing discrimination.",
Assistance,Disaster Relief,Emergency Federal Employee Leave Fund,," $570,000,000 ",0.1%,,0.03%,41.2%,"Provides $570 million to establish a fund, the Emergency Federal Employee Leave Fund, to be administered by the Office of Personnel Management (OPM) to remain available through Sept.30, 2022; funds may be used for reimbursement to an agency or for paid leave by any employee who is unable to work due to quarantine or isolation related to COVID-19, including caring for family members or dependents, and paid leave may not exceed 600 hours for each full-time employee",
Assistance,Disaster Relief,Pandemic response accountability,," $40,000,000 ",0.1%,,0.00%,2.9%,Provides $40 million to support oversight of the coronavirus response via the Pandemic Response Accountability Committee,
Assistance,Disaster Relief,White House funding,," $12,800,000 ",0.1%,,0.00%,0.9%,"Provides $12.8 million for the White House to prevent, prepare for and respond to the coronavirus",
Assistance,Disaster Relief,FEMA appropriation,," $50,000,000 ",0.1%,,0.00%,3.6%,Provides $50 billion for the Federal Emergency Management Agency (FEMA) for the purposes of the Disaster Relief Fund (DRF) for cost associated with major disaster declarations,
Assistance,Disaster Relief,Emergency food and shelter,," $400,000,000 ",0.1%,,0.02%,28.9%,Provides $400 million for the emergency food and shelter program,
Assistance,Disaster Relief,Humanitarian relief,," $110,000,000 ",0.1%,,0.01%,8.0%,Provides $110 million for the emergency food and shelter program for the purposes of providing humanitarian relief to families and individuals encountered by the U.S. Department of Homeland Security (DHS),
Assistance,Disaster Relief,AFG and SAFER program funding,," $100,000,000 ",0.1%,,0.01%,7.2%,Provides $100 million for Assistance to Firefighter Grants (AFG) and $200 million for Staffing for Adequate Fire and Emergency Response Grants (SAFER),
Assistance,Disaster Relief,Emergency management,," $100,000,000 ",0.1%,,0.01%,7.2%,Provides $100 million for emergency management performance grant funding,
Assistance,Small businesses,Paycheck Protection Program (PPP),Expand PPP eligibility," $7,250,000,000 ",3.3%,25.1%,0.40%,12.1%,"Appropriates an additiona l$7.25 billion to the U.S. Small Business Administration (SBA)for the PPP program. Expands PPP eligibility to include: Additional tax-exempt nonprofits,such as 501(c)(5) labor and agricultural organizations and community locations of larger nonprofits, whose lobbying activities do not comprise more than 15 percent of its activities; Internet publishing organizations assigned a North American Industry Classification System (NAICS) Code of 519130 and engaged in the collection and distribution of local or regional and national news and information. Program expires March 31, 2021", https://www.cbo.gov/system/files/2021-02/housesmallbusinessreconciliation.pdf 
Assistance,Small businesses,Paycheck Protection Program (PPP),Add COBRA premium assistance," $7,800,000,000 ",3.3%,25.1%,0.43%,13.0%,"Adds COBRA premium assistance as an allowable payroll cost under the PPP program. Program expires March 31, 2021", https://www.cbo.gov/system/files/2021-02/hwaysandmeansreconciliation.pdf 
Assistance,Small businesses,Economic Injury Disaster Loans (EIDL),," $15,000,000,000 ",3.3%,,0.82%,25.0%,"Appropriates $15 billion to the SBA to provide EIDL $10,000 grants to small businesses eligible under Section 331 of the Economic Aid to Hard-Hit Small Businesses, Nonprofits, and Venues Actor Section 1110(e) of the CARES Act",
Assistance,Small businesses,Restaurant Revitalization Fund,," $28,600,000,000 ",3.3%,,1.57%,47.7%,"Appropriates $28.6 billion for the SBA to administer a grant program to restaurants through a new Restaurant Revitalization Fund. The new grant program follows the enactment of a similar grant program for shuttered live venues enacted inSection 324 ofthe Economic Aid to Hard-Hit Small Businesses, Nonprofits, and Venues Actenacted in December 2020. Eligible restaurants must certify that the uncertainty of current economic conditions makes necessary the grant request to support the ongoing operations of the restaurant. The bill prohibits eligibility of a restaurant that: is a state or local governmentoperated business; owns or operates more than 20 locations as of March 13, 2020; has a pending application for or has received a grant under SBA shuttered live venues grant program; or is a publicly traded company. The maximum grant amount is: $10 million per eligible entity and any affiliated businesses, and $5 million per physical location of the eligible entity",
Assistance,Small businesses,Shuttered Venue Operations,," $1,250,000,000 ",3.3%,,0.07%,2.1%,"This bill provides $1.25 billion in additional funds for the Shuttered Venue Operators Grant Programenactedin Section 324 of the Economic Aid to Hard-Hit Small Businesses, Nonprofits, and Venues Actenacted in December 2020. The bill also allows eligible applicants to access both the Shuttered Venue Operators Grant (SVOG) and PPP to address SVOG's delayed start",
Public goods,Education,K-12 Education,General Stabilization Fund," $122,000,000,000 ",9.1%,75.8%,6.68%,73.8%,Nearly $122billion for the K-12 General Stabilization Fund,
Public goods,Education,K-12 Education,Special education grants," $2,600,000,000 ",9.1%,75.8%,0.14%,1.6%,"$2.6 billion for State Special Education Grants under the Individuals with Disabilities Education Act (IDEA), to be used in FY2021.",
Public goods,Education,K-12 Education,Homeless Children," $800,000,000 ",9.1%,75.8%,0.04%,0.5%,$800 million to help children experiencing homelessness,
Public goods,Education,K-12 Education,Other,,9.1%,75.8%,0.00%,0.0%,,
Public goods,Education,Higher Education,Higher Education Emergency Relief Fund (HEERF)," $802,000,000 ",9.1%,24.2%,0.04%,0.5%,"This is the remainder of the $40 billion allocated to colleges and universities through the Higher Education Emergency Relief Fund (HEERF),which will remain available through Sept.30, 2023",
Public goods,Education,Higher Education,HEERF for public and non-profit," $36,000,000,000 ",9.1%,24.2%,1.97%,21.8%,$36 billion for public and nonprofit institutions of higher education. Institutions are required to direct 50 percent of their funding to students in the form of emergency grants,
Public goods,Education,Higher Education,"HEERF for HBCUs, tribal colleges, and MSIs"," $3,000,000,000 ",9.1%,24.2%,0.16%,1.8%,"$3 billion for Historically Black Colleges and Universities (HBCUs), Tribal Colleges and Universities (TCUs) and other Minority Serving Institutions (MSIs)",
Public goods,Education,Higher Education,Other," $198,000,000 ",9.1%,24.2%,0.01%,0.1%,$198 million for institutions with the greatest pandemic-related needs,
Public goods,Others,Water and Utility Assistance,LIHEAP," $4,500,000,000 ",0.8%,33.3%,0.25%,30.0%,Provides $4.5 billion for utility assistance through the Low Income Home Energy Assistance Program (LIHEAP),
Public goods,Others,Water and Utility Assistance,Water assistance program," $500,000,000 ",0.8%,33.3%,0.03%,3.3%,"$500 million for water assistancegrants to states ""to assist low-income households, particularly those with the lowest incomes, that pay a high proportion of household income for drinking water and wastewater services""; the states will provide the funds to ""owners or operators of public water systems or treatment works to reduce arrearages of and rates charged to such households for such services""",
Public goods,Others,Defense Production Act,Medical supplies," $10,000,000,000 ",0.8%,,0.55%,66.7%,"Provides $10 billion to carry out the Defense Production Act formedical supplies and equipment such as testing, personal protective equipment (PPE) and vaccines.",
Public goods,Healthcare,Public Health,Other," $3,950,000,000 ",5.8%,17.9%,0.22%,3.7%,Remainder of the budget allocated for healthcare - public health, Energy & Commerce - 'Increase public health workforce and investments' subtracted by the other fields under 'public health' 
Public goods,Healthcare,Public Health,Vaccine activities at CDC," $7,500,000,000 ",5.8%,17.9%,0.41%,7.0%,"Provides $7.5 billion to the CDC for activities to plan, distribute and track COVID-19 vaccines;these funds may also go to state, local, tribal and territorial public health departments for wraparound support for vaccine distribution and administration, andwill be available until expended and will be distributed through existing CDC vehicles/cooperative agreements to the public health departments/officials in the 64 CDC jurisdictions. This section also provides additional supplemental funding to states, localities and territories within 21 days of enactment above and beyond similar funding provided in the FY 2021 regular appropriations bill based upon the difference between FY 2021 funding and the FY 2020 Public Health Emergency Preparedness grant formula funding",
Public goods,Healthcare,Public Health,Vaccine confidence activities," $1,000,000,000 ",5.8%,17.9%,0.05%,0.9%,Provides $1 billion to the CDC to strengthen public understanding and confidence in COVID-19 vaccines to ultimately improve U.S. vaccination rates; the funds will be available until expended and will be distributed through existing CDC vehicles/cooperative agreements to the public health departments/officials in the 64 CDC jurisdictions,
Public goods,Healthcare,Public Health,Supply chain for vaccine," $6,050,000,000 ",5.8%,17.9%,0.33%,5.7%,"Provides $6.05 billion for research, development, manufacturing, production and purchase of vaccines, therapeutics and ancillary medical products and supplies to respond to COVID; funding may apply not only to COVID-19 but also to any pandemic-capable disease, and will be available until expended and will likely be available through U.S. Department of Health and Human Services (HHS) contract vehicles/Broad Agency Announcements",
Public goods,Healthcare,Public Health,Vaccine activities at the FDA," $500,000,000 ",5.8%,17.9%,0.03%,0.5%,"Provides $500 million to the U.S. Food and Drug Administration (FDA)to evaluate the continued effectiveness of FDA-regulated products approved to address COVID-19; funding also applies to expand continuous manufacturing abilities to ensure a robust supply chain of COVID-related products, and also may also be used to expand FDA facility inspections to accelerate the review of products delayed due to COVID",
Public goods,Healthcare,Public Health,Reduced Cost-sharing," $108,000,000 ",5.8%,17.9%,0.01%,0.1%,Ensures that individuals who received unemployment compensation in 2021 receive cost-sharing subsidies as those whose family income is no greater than 133 percent of the federal poverty line, https://www.cbo.gov/system/files/2021-02/EnergyandCommerceReconciliationEstimate.pdf page 5 
Public goods,Healthcare,Testing,"Testing, Contact Tracing and Mitigation Activities"," $47,800,000,000 ",5.8%,47.7%,2.62%,44.9%,"Provides HHS with $47.8 billion to fund activities to respond to and mitigate the spread of COVID-19, and that may be used to: Implement a national COVID-19 testing strategy; Provide technical assistance to state, local and territorial public health departments to detect, diagnose and trace COVID-19; Support expanded COVID-19 testing and development, including through the acquisition of non-federally owned facilities to increase testing capacity; Enhance IT resources for public health data sharing. The funds will be available until expended and will be distributed through existing CDC vehicles/cooperative agreements, including and especially the Epidemiology and Laboratory Capacity (ELC) Cooperative Agreement to the public health departments/officials in the 64 CDC jurisdictions",
Public goods,Healthcare,Testing,Genomic Sequencing and Surveillance," $1,750,000,000 ",5.8%,47.7%,0.10%,1.6%,"Provides HHS/CDC with $1.75 billion to expand and improve activities around the sequencing of COVID-19 and its variants; funding may also apply to local, state and territorial health departments to develop COVID variant mitigation strategies.",
Public goods,Healthcare,Testing,Global Health," $750,000,000 ",5.8%,47.7%,0.04%,0.7%,Provides $750 million to HHS/CDC to combat COVID-19 and emerging infectious diseases globally,
Public goods,Healthcare,Testing,Data Modernization and Forecasting Center," $500,000,000 ",5.8%,47.7%,0.03%,0.5%,Provides $500 million to HHS/CDC for public health data surveillance and analytics infrastructure modernization,
Public goods,Healthcare,Public Health Workforce,Public Health Workforce," $7,660,000,000 ",5.8%,15.7%,0.42%,7.2%,"Provides $7.66 billion to HHS to maintain and expand the U.S. public health workforce, including through grant support to public health departments to recruit and hire new public health workers and related administrative support as well as providing PPE and other supplies to new workers",
Public goods,Healthcare,Public Health Workforce,Medical Reserve Corps," $100,000,000 ",5.8%,15.7%,0.01%,0.1%,Provides $100 million for the Medical Reserve Corps,
Public goods,Healthcare,Public Health Investments,Community health centers and community care," $7,600,000,000 ",5.8%,15.7%,0.42%,7.1%,"Provides $7.6 billion to HHS to be awarded for grants and cooperative agreements to community health centers and qualified Hawaiian entities for COVID-19 vaccine distribution, testing, contract tracing, equipment, staff, infrastructure, and community education and outreach",
Public goods,Healthcare,Public Health Investments,National Health Service Corps," $800,000,000 ",5.8%,15.7%,0.04%,0.8%,Provides $800 million to HHS for state loan repayment programs,
Public goods,Healthcare,Public Health Investments,Nurse Corps," $200,000,000 ",5.8%,15.7%,0.01%,0.2%,Provides $200 million to HHS for loan repayment programs,
Public goods,Healthcare,Public Health Investments,Health center teaching," $330,000,000 ",5.8%,15.7%,0.02%,0.3%,"Provides $330 million through FY 2023 to HHS for new graduate medical residency training programs, maintaining existing staff and expanding existing programs, establishing new or expanding existing primary care residency programs, funding a per resident increase of $10,000 and boostingthe federal response to public health emergencies",
Public goods,Healthcare,Public Health Investments,Family planning," $50,000,000 ",5.8%,15.7%,0.00%,0.0%,Provides $50 million to HHS for federal grants to assist in the establishment and operation of family planning and preventive health projects andservices not including abortion services,
Public goods,Healthcare,Mental Health and Substance Use Disorder,Community mental health services," $1,500,000,000 ",5.8%,3.6%,0.08%,1.4%,Provides $1.5 billion to HHS through FY 2025 for grants to states for providing community mental health services,
Public goods,Healthcare,Mental Health and Substance Use Disorder,Prevention and treatment of substance abuse," $1,500,000,000 ",5.8%,3.6%,0.08%,1.4%,Provides $1.5 billion to HHS through FY 2025 for substance abuse prevention and treatment ,
Public goods,Healthcare,Mental Health and Substance Use Disorder,Training for healthcare professionals," $80,000,000 ",5.8%,3.6%,0.00%,0.1%,"Provides $80 million to HHSand the Health Resources and Services Administration (HRSA)for grants or contracts with qualifying entities in rural and underserved communities to train health professionalsin evidence-informed strategies for reducing and addressing suicide, burnout, mental health conditions and substance use disorders among healthcare professionals",
Public goods,Healthcare,Mental Health and Substance Use Disorder,Education and awareness campaigns," $20,000,000 ",5.8%,3.6%,0.00%,0.0%,Provides $20 million to HHS/CDC to carry out a national evidence-based education and awareness campaign directed at healthcare professionals and first responders by encouraging them to identify risk factors and seek support and treatment for their own mental health and substance use concerns,
Public goods,Healthcare,Mental Health and Substance Use Disorder,Healthcare providers," $40,000,000 ",5.8%,3.6%,0.00%,0.0%,"Provides $40 million to HHS/HRSA for grants or contracts with healthcare entities,including provider trade associations and Federally Qualified Health Centers (FQHCs),to establish or expand protocols to promote mental health among healthcare providers, particularly in rural and underserved communities",
Public goods,Healthcare,Mental Health and Substance Use Disorder,Community-based funding," $30,000,000 ",5.8%,3.6%,0.00%,0.0%,"Provides $30 million to HHS to support community-based overdose prevention programs, syringe services programs and other harm reduction services",
Public goods,Healthcare,Mental Health and Substance Use Disorder,Community-based funding," $50,000,000 ",5.8%,3.6%,0.00%,0.0%,"Provides $50 million to HHS for grants to address increased community behavioral health needs worsened by the COVID-19 public health emergency to be used for care coordination, workforce training, surge capacity, integrating evidence-based care models, providing mental and behavioral health services via telehealth, andpreventive and crisis intervention services",
Public goods,Healthcare,Mental Health and Substance Use Disorder,National Child Traumatic Stress Network," $10,000,000 ",5.8%,3.6%,0.00%,0.0%,Provides $10 million to HHS in funding for the national child traumatic stress network ,
Public goods,Healthcare,Mental Health and Substance Use Disorder,Project AWARE," $30,000,000 ",5.8%,3.6%,0.00%,0.0%,Provides $30 million to HHS for Project AWARE for advancing wellness and resiliency in education,
Public goods,Healthcare,Mental Health and Substance Use Disorder,Youth suicide prevention," $20,000,000 ",5.8%,3.6%,0.00%,0.0%,Provides $20 million to HHS for grants for youth suicide and early prevention programs,
Public goods,Healthcare,Mental Health and Substance Use Disorder,Behavioral health workforce education and training," $100,000,000 ",5.8%,3.6%,0.01%,0.1%,Provides $100 million to HHS for grants for mental and behavioral health education and training programs,
Public goods,Healthcare,Mental Health and Substance Use Disorder,Pediatric mental health care access," $80,000,000 ",5.8%,3.6%,0.00%,0.1%,Provides $80 million to HHS for grants to promote behavioral health integration in pediatric primary care by supporting the development of new or improvement of existing statewide or regional pediatric mental health care telehealth access programs,
Public goods,Healthcare,Mental Health and Substance Use Disorder,Grants for certified community behavioral health clinics," $420,000,000 ",5.8%,3.6%,0.02%,0.4%,Provides $420 million to HHS for grants to Certified Community Behavioral Health Clinics,
Public goods,Healthcare,Exchange Grant Program,Grant program for ACA exchange modernization," $20,000,000 ",5.8%,,0.00%,0.0%,"Provides $20 million through FY 2022 to HHS to award grants to Affordable Care Act (ACA) Exchanges to modernize or update systems, programs or other technology",
Public goods,Healthcare,Medicaid,ACA subsidies expansion,,5.8%,32.3%,0.00%,0.0%,,
Public goods,Healthcare,Medicaid,COVID-19 vaccine," $1,131,000,000 ",5.8%,32.3%,0.06%,1.1%,"The bill builds on provisions in the Families First Coronavirus Response legislation that required Medicaid and Children's Health Insurance Program (CHIP) coverage of COVID-19 testing without cost-sharing to explicitly require Medicaid and CHIP coverage of COVID-19 vaccines, treatment including prescription drugs and treatment of conditions that complicate COVID-19 treatment, without the impositionof cost-sharing charges", https://www.cbo.gov/system/files/2021-02/EnergyandCommerceReconciliationEstimate.pdf 
Public goods,Healthcare,Medicaid,Medicaid modification," $5,959,000,000 ",5.8%,32.3%,0.33%,5.6%,"Full benefits would be available to women during pregnancy and throughout the 12-month postpartum period, or up to a year after the last day of her pregnancy, extending their coverage well beyond the current cutoff of 60 days; if a state selects this option for its Medicaid program, it must provide it under its CHIP program", https://www.cbo.gov/system/files/2021-02/EnergyandCommerceReconciliationEstimate.pdf 
Public goods,Healthcare,Medicaid,State option," $1,195,000,000 ",5.8%,32.3%,0.07%,1.1%,"The bill allows states to offer community-based mobile crisis intervention services for five years, with an 85 percent Federal Medical Assistance Percentage (FMAP)", https://www.cbo.gov/system/files/2021-02/EnergyandCommerceReconciliationEstimate.pdf 
Public goods,Healthcare,Medicaid,Increase in FMAP," $16,370,000,000 ",5.8%,32.3%,0.90%,15.4%,"States that newly expand Medicaid would receive an additional 5percentage point increase in their regular FMAP for two years, no matter when they newly expand–this increase would be in addition to the temporary 6.2 percentage pointFMAP increases enacted as part of the Families First Coronavirus legislation available through the duration of the COVID-19 public health emergency; the 5-percentage point increase would not apply to other Medicaid spending that is not subject to the regular FMAP, such as administrative costs and Disproportionate Share Hospital (DSH) spending", https://www.cbo.gov/system/files/2021-02/EnergyandCommerceReconciliationEstimate.pdf 
Public goods,Healthcare,Medicaid,Extension of federal medical assistance," $162,000,000 ",5.8%,32.3%,0.01%,0.2%,"For two years, the bill would temporarily apply the 100 percent FMAP available to Indian Health Service (IHS) providers furnishing care to Medicaid beneficiaries to include Urban Indian Health Programs and Native Hawaiian Health Care Systems services;such providers are grantees of the IHS and serve IHS-eligible patients on Medicaid, but they are not formally part of the IHS and, as a result, do not receive the 100 percent FMAP like other IHS providers", https://www.cbo.gov/system/files/2021-02/EnergyandCommerceReconciliationEstimate.pdf 
Public goods,Healthcare,Medicaid,Sunset of limit on maximum rebate amount," $(18,461,000,000)",5.8%,32.3%,,,, https://www.cbo.gov/system/files/2021-02/EnergyandCommerceReconciliationEstimate.pdf 
Public goods,Healthcare,Medicaid,Additional Medicaid support," $9,310,000,000 ",5.8%,32.3%,0.51%,8.7%,"States would have the option of receiving a 7.35 percentage point increase in their Medicaid matching rate for home and community-based services (subject to a 95 percent limit) for one year starting April 1, 2021;as a condition of the increase, states would be required to use this additional funding to expand and enhance home and community-based services in one or more enumerated ways, including increasing home and community-based reimbursement rates and providing payments to financially stressed providers", https://www.cbo.gov/system/files/2021-02/EnergyandCommerceReconciliationEstimate.pdf 
Public goods,Healthcare,Medicaid,Funding for state strike teams," $250,000,000 ",5.8%,32.3%,0.01%,0.2%,"The bill appropriates $250 million to support state-based ""strike"" teams to help respond to COVID-19 in nursing homes", https://www.cbo.gov/system/files/2021-02/EnergyandCommerceReconciliationEstimate.pdf 
Public goods,Healthcare,Medicare,Floor on the Medicare area wage index,,5.8%,32.3%,0.00%,0.0%,,
Public goods,Healthcare,Medicare,Other,,5.8%,32.3%,0.00%,0.0%,,
Public goods,Healthcare,Medicare,Other," $5,000,000 ",5.8%,32.3%,0.00%,0.0%,The bill provides $5 million to the HHS Office of Inspector General (OIG) for oversight activities with respect to the Provider Relief Fund,
Infrastructure,Pub. Transport,Federal Transit Administration Grants,Other," $3,922,000,000 ",1.9%,100.0%,0.21%,11.4%,Remainder of the $30.5 billion Federal Transit Administration (FTA) grants,
Infrastructure,Pub. Transport,Federal Transit Administration Grants,Urbanized areas," $26,086,000,000 ",1.9%,100.0%,1.43%,75.9%,"$26.086 billion for Federal Transit Administration (FTA) Urbanized Area Formula Grants (Section 5307). This amount, combined with CARES Act and Coronavirus Response and Relief Supplemental Appropriations Act (CRRSAA) grants, allows urbanized areas to receive 132 percent of their2018 operating costs; for urbanized areas that received grants totaling 130 to 132 percent of operating costs from the CARES Act and CRRSAA, they receive an additional 10 percent of their 2018 operating costs",
Infrastructure,Pub. Transport,Federal Transit Administration Grants,Rural areas," $317,000,000 ",1.9%,100.0%,0.02%,0.9%,$317 million for FTA Rural Area Formula Grants (Section 5311),
Infrastructure,Pub. Transport,Federal Transit Administration Grants,Mobility for seniors and individual with disabilities," $50,000,000 ",1.9%,100.0%,0.00%,0.1%,$50 million for FTA Enhanced Mobility for Seniors and Individuals with Disabilities Grants (Section 5310),
Infrastructure,Pub. Transport,Federal Transit Administration Grants,Non-urbanized intercity bus programs," $100,000,000 ",1.9%,100.0%,0.01%,0.3%,$100 million for non-urbanized intercity bus program recipients,
Infrastructure,Pub. Transport,Federal Transit Administration Grants,Section 5307 planning grants," $25,000,000 ",1.9%,100.0%,0.00%,0.1%,$25 million for Section 5307 planning grants to restore service,
Infrastructure,Pub. Transport,Federal Transit Administration Grants,Operating assistance," $2,210,000,000 ",1.9%,100.0%,0.12%,6.4%,"$2.21 billion for operating assistance grants to eligible recipients that require additional support for operations, personnel, cleaning, sanitization and debt payments costs incurred to maintain operations and avoid layoffs and furloughs due to COVID-19, with grants to be evaluated by the FTA based on the level of financial need demonstrated; the FTA is required to issue a Notice of Funding Opportunity (NOFO) for these grants within 180 days after the bill is signed into law",
Infrastructure,Pub. Transport,Federal Transit Administration Grants,CIG for projects that received money in FY 2019 or FY 2020," $1,250,000,000 ",1.9%,100.0%,0.07%,3.6%,$1.25 billion for CIG project sponsors that have an existing Full Funding Grant Agreement (FFGA) and have received a FY 2019 or FY 2020 CIG allocation.,
Infrastructure,Pub. Transport,Federal Transit Administration Grants,CIG for projects that received money before FY 2019," $175,000,000 ",1.9%,100.0%,0.01%,0.5%,$175 million to CIG projects with an existing FFGA that received a CIG allocation prior to FY 2019,
Infrastructure,Pub. Transport,Federal Transit Administration Grants,CIG for small start projects," $250,000,000 ",1.9%,100.0%,0.01%,0.7%,$250 million for Small Start projects that are a recipient of a CIG allocation or an applicant in the project development phase ,
Infrastructure,Cybersecurity and Technology Modernization,Cybersecurity and Infrastructure Security Agency,," $650,000,000 ",0.1%,,0.04%,35.1%,Provides $650 million for the DHS Cybersecurity and Infrastructure Security Agency (CISA) to mitigate cybersecurity risks,
Infrastructure,Cybersecurity and Technology Modernization,Appropriation for the U.S. Digital Service,," $200,000,000 ",0.1%,,0.01%,10.8%,"Provides $200 million for the U.S. Digital Service, a White House unit that provides IT support to federal agencies",
Infrastructure,Cybersecurity and Technology Modernization,Appropriation for the Technology Modernization Fund,," $1,000,000,000 ",0.1%,,0.05%,54.1%,"Provides $1 billion for the General Services Administration Technology Modernization Fund, which was established to upgrade federal agency IT systems",
Infrastructure,Aviation,Air Transportation Payroll Support Program Extension,," $14,000,000,000 ",1.9%,,0.77%,40.0%,"Provides $14 billion to extend Payroll Support Program funding for eligible air carriers and contractors, with the new round of funding extending restrictions on involuntary furloughs and reductions in pay rates or benefits through Sept.30, 2021, or the date on which funds are expended; it also extends the restrictions on stock buybacks, dividends and capital distributions through Sept. 30, 2022, and restrictions on executive compensation to April 1, 2023. The Secretary of the Treasury is required to issue streamlined procedures within five days of enactment and make initial payments under the program within 10 days of enactment",
Infrastructure,Aviation,Relief for Airports,," $100,000,000 ",1.9%,22.9%,0.01%,0.3%,Remainder of the total $8 billion relief for airports,
Infrastructure,Aviation,Relief for Airports,Primary airports and cargo airports," $6,492,000,000 ",1.9%,22.9%,0.36%,18.5%,"$6.492 billion for primary airports and certain cargo airports to use for ""costs related to operations, personnel, cleaning, sanitization, janitorial services, combating the spread of pathogens at the airport, and debt service payments""; the federal share is 100 percent",
Infrastructure,Aviation,Relief for Airports,Rent relief and concessions guarantees," $800,000,000 ",1.9%,22.9%,0.04%,2.3%,"$800 million ""to provide relief from rents and minimum annual guarantees to airport concessions""",
Infrastructure,Aviation,Relief for Airports,Airport Improvement Program," $608,000,000 ",1.9%,22.9%,0.03%,1.7%,$608 million to pay the federal share of 100 percent for Airport Improvement Program (AIP) grants awarded in FY 2021 or FY 2020 ,
Infrastructure,Aviation,Emergency TSA Employee Leave Fund,," $13,000,000,000 ",1.9%,,0.71%,37.1%,The legislation also adds an $13 billion emergency paid leave fund for TSA employees that issimilar to a leave program for FAA employees included in the bill; the fund expires in September 2022. ,
Infrastructure,Broadband,Funding for e-rate support,Emergency Connectivity Fund," $7,200,000,000 ",0.9%,100.0%,0.39%,41.9%,"Nearly $7.2 billion to create an Emergency Connectivity Fund to reimburse schools and libraries for internet access and connected devices for students and teachers learning remotely due to the pandemic; requires the FCC to issue rules within 60 days of enactment to provide funding to eligible schools and libraries to enable them to provide eligible connected devices, internet service and equipment necessary to support internet service to students and teachers, regardless of technology, for internet use in locations other than a school or library, among other things",
Infrastructure,Broadband,Funding for e-rate support,"For states, territories, and tribal governments"," $10,000,000,000 ",0.9%,100.0%,0.55%,58.1%,"$10 billion for states, territories and tribal governments to carry out critical capital projects directly enabling work, education and health monitoring, including remote options, in response to the public health emergency with respect to COVID-19; this funding is intended to be focused onbroadband investment",
Ways and Means,Unemployment Provisions,Unemployment Insurance extensions,," $246,000,000,000 ",14.8%,,13.46%,90.8%,"Extends enhanced unemployment insurance until Sept.6. 2021, including the extra $300 Federal Pandemic Unemployment Compensation. Extends Pandemic Unemployment Assistance to the self-employed, gig workers, freelancers and others who would otherwise not regularly qualify for unemployment insurance. Extends Pandemic Emergency Unemployment Compensation for those who exhaust state benefits to 53 weeks, from 24 weeks", https://www.cbo.gov/system/files/2021-02/hwaysandmeansreconciliation.pdf 
Ways and Means,Unemployment Provisions,Unemployment Insurance tax relief,," $24,962,000,000 ",14.8%,,1.37%,9.2%,"Creates a $10,200 tax exclusion for unemployment compensation in tax year 2020 for those with incomes under $150,000", https://www.jct.gov/publications/2021/jcx-14-21/ 
Ways and Means,Tax,Direct stimulus payment,," $410,632,000,000 ",34.4%,,22.48%,65.4%,"Provides an additional $1,400 per qualifying individual in direct stimulus payments; in addition to the $600 in supplemental payments enacted in the December2020 relief bill, this would fulfill Democratic demands for $2,000 in payments", https://www.jct.gov/publications/2021/jcx-14-21/ 
Ways and Means,Tax,Stimulus payments,,,34.4%,,0.00%,0.0%,,
Ways and Means,Tax,Child Tax Credit,," $109,529,000,000 ",34.4%,,5.99%,17.4%,"Temporary, fully refundable enhancement of the value of the Child Tax Credit to $3,000 for children older than 6 and to $3,600 for children younger than 6 – an increase in the current credit of $2,000, of which only $1,400 is refundable; envisions that the tax credit can be claimed on a monthly basis, rather than annually",https://www.jct.gov/publications/2021/jcx-14-21/
Ways and Means,Tax,Dependent Care Assistance,," $8,081,000,000 ",34.4%,,0.44%,1.3%,"Child and Dependent Care Tax Credit: Temporary, fully refundable enhancement of the Child and Dependent Care Credit from the current limitation of $1,050 per child or dependent up to $4,000", https://www.jct.gov/publications/2021/jcx-14-21/ 
Ways and Means,Tax,Credits for Paid Sick and Family Leave & Employee Retention Credit,," $16,475,000,000 ",34.4%,,0.90%,2.6%,"Extends the availability of paid sick and paid family leave tax credits, as established in the Families First Coronavirus Response Actthrough Sept.30, 2021. Also expands eligibility to state and local governments that provide this benefit. Increases the availability and value of credit to those employers who ""severely financially distressed"" (i.e., those who experienced a severe decline in gross receipts)by allowing such employers to take all wages into account,not just those that are paid for employees not providing services. Expands credit availability to employers who qualify as a ""recovery startup business"" (i.e., those employers who began a trade or business after Feb.15, 2020, and whose gross receipts averageless than $1 million). Expands availability of the credit from the current deadline of June 30, 2021, to those wages paid in 2021",  https://www.jct.gov/publications/2021/jcx-14-21/
Ways and Means,Tax,,,,34.4%,,0.00%,0.0%,,
Ways and Means,Tax,,,,34.4%,,0.00%,0.0%,,
Ways and Means,Tax,,,,34.4%,,0.00%,0.0%,,
Ways and Means,Tax,,,,34.4%,,0.00%,0.0%,,
Ways and Means,Tax,,,,34.4%,,0.00%,0.0%,,
Ways and Means,Tax,ACA Premium Tax Credit expansion,," $45,624,000,000 ",34.4%,,2.50%,7.3%,Expands the Affordable Care Act's premium tax credits for health insurance that is purchased through an exchange, https://www.jct.gov/publications/2021/jcx-14-21/ 
Ways and Means,Tax,Repeal of election to allocate on worldwide basis,," $(22,331,000,000)",34.4%,,,,, https://www.jct.gov/publications/2021/jcx-14-21/ 
Ways and Means,Tax,Extension of Excess Business Loss Limitation,," $(31,008,000,000)",34.4%,,,,, https://www.jct.gov/publications/2021/jcx-14-21/ 
Ways and Means,Tax,Expansion of limitation on excessive employee remuneration,," $7,805,000,000 ",34.4%,,0.43%,1.2%,Expands the denial of deductibility currently found in IRC Section 162(m) to an additional five highest compensated individuals, https://www.jct.gov/publications/2021/jcx-14-21/ 
Ways and Means,Tax,Pension Benefit Guaranty Corporation (PBGC) fund,," $83,229,000,000 ",34.4%,,4.56%,13.3%,Creates a fund for the PBGC to assist certain struggling multiemployer plans to cover benefits due through plan years ending in 2051, https://www.cbo.gov/system/files/2021-02/hwaysandmeansreconciliation.pdf 
Government,State and Local Assistance,COVID State and Local Fiscal Recovery Funds,, $-   ,19.1%,94.7%,0.00%,0.0%,,
Government,State and Local Assistance,COVID State and Local Fiscal Recovery Funds,Other state and local fiscal relief," $800,000,000 ",19.1%,94.7%,0.04%,0.2%,"Remainder of the $195.3 billion allocated for states and District of Columbia. The COVID state and local fiscal recovery funds may be used to: 1.respond to the public health emergency with respect to COVID-19 or its negative economic impacts, including assistance to households, small businesses and nonprofits, or aid to impacted industries such as tourism, travel and hospitality; 2.for the provision of government services to the extent of the reduction in revenue (i.e. online, property or income tax) due to the public health emergency; 3.make necessary investments in water, sewer or broadband infrastructure; 4.include premium pay for eligible workers performing essential work (as determined by each state or tribal government) during the pandemic. Other key provisions: states are not allowed to use the funds to either directly or indirectly offset a reduction in the net tax revenue that results from a change in law, regulation or administrative interpretation during the covered period that reduces any tax. No funds shall be deposited into any pension fund. State and local governments are allowed to transfer to a private nonprofit organization, a public benefit corporation involved in the transportation of passengers or cargo, or a special-purpose unit of state or local government. Reporting Requirements, Certification and Recoupment: Requires state and local governments to fulfill reporting requirements, such as: states are required to report how funds are used and how their tax revenue was modified during the time that funds were spent during the covered period (covered period begins on March 3, 2021, and ends on the last day of the fiscal year a state or local government has expended or returned all funds to the U.S. Treasury). Local governments would be required to provide ""periodic reports ""providing a detailed accounting of the use of fundsoif a state, county or municipality does not comply with any provision of this bill, they will be required to repay the U.S. Treasury an equal amount to the funds used in violation. Administration of Recovery Funds: Funds will administered as follows: funds would be distributed by the U.S. Department of the Treasury; the deadline to spend funds would be Dec. 31, 2024; payments will be divided into two equal tranches–within 60 days after enactment, the U.S. Treasury is required to release the first tranche allocated to a city, county or state; the second tranche cannot be released earlier than 12 months after the first paymentoin order to receive a payment either under the first or second tranche, local governments must provide the U.S. Treasury with a certification signed by an authorized officer; the U.S. Treasury is required to pay the first tranche to counties not later than 60 days after enactment and the second payment no earlier than 12 months after the first payment. The bill would provide $117 million for oversight and to promote transparency and accountability of all federalcoronavirus relief funds, with $77 million for the Government Accountability Office and $40 million for the Pandemic Response and Accountability Committee",
Government,State and Local Assistance,COVID State and Local Fiscal Recovery Funds,Base state fiscal relief," $25,500,000,000 ",19.1%,94.7%,1.40%,7.3%,$25.5 billion is equally divided with state minimum of $500 million,
Government,State and Local Assistance,COVID State and Local Fiscal Recovery Funds,Additional state fiscal relief," $169,000,000,000 ",19.1%,94.7%,9.25%,48.5%,$169 billion based on the state share of unemployed workers over a three-month period from October to December 2020,
Government,State and Local Assistance,COVID State and Local Fiscal Recovery Funds,Local government fiscal relief, $-   ,19.1%,94.7%,0.00%,0.0%,,
Government,State and Local Assistance,COVID State and Local Fiscal Recovery Funds,Direct federal aid to counties," $65,100,000,000 ",19.1%,94.7%,3.56%,18.7%,Counties: $65.1 billion in direct federal aid to all counties based on the county share of the U.S. population based on the most recent data available from the Census Bureau,
Government,State and Local Assistance,COVID State and Local Fiscal Recovery Funds,Direct federal aid for non-county municipalities, $-   ,19.1%,94.7%,0.00%,0.0%,,
Government,State and Local Assistance,COVID State and Local Fiscal Recovery Funds,Direct federal aid for non-county municipalities," $45,570,000,000 ",19.1%,94.7%,2.49%,13.1%,"$45.57 billion in direct federal aid for municipalities with populations of at least 50,000, using a modified Community Development Block Grant formula",
Government,State and Local Assistance,COVID State and Local Fiscal Recovery Funds,Direct federal aid for non-county municipalities," $19,530,000,000 ",19.1%,94.7%,1.07%,5.6%,"$19.53 billion for municipalities with populations of less than 50,000 based on each jurisdiction's percentage of the state's population; aid is distributed through the states, with the ability for states to request an extension if they are unable to distribute within 30 days",
Government,State and Local Assistance,COVID State and Local Fiscal Recovery Funds,Direct federal aid for US Territories," $4,500,000,000 ",19.1%,94.7%,0.25%,1.3%,U.S. Territories,
Government,State and Local Assistance,COVID State and Local Fiscal Recovery Funds,Direct federal aid for tribal governments, $-   ,19.1%,94.7%,0.00%,0.0%,,
Government,State and Local Assistance,State Small Business Credit Initiative,State Small Business Credit Initiative," $10,000,000,000 ",19.1%,,0.55%,2.9%,"$10 billion for the fund,administered by the Treasury Department. The money is allocated to states to support programs of their own design and can include: loan participation programs, venture capital programs, collateral support programs, loan guarantee programsand capital access programs",
Government,State and Local Assistance,COVID State and Local Fiscal Recovery Funds,Funding for providers," $8,500,000,000 ",19.1%,,0.47%,2.4%,The bill provides an additional $8.5 billion in relief funding for rural entities – far short of the $35 billion sought by stakeholders,
Government,Tribal Provisions,COVID State Fiscal Recovery Fund,Tribal governments, $-   ,1.6%,69.4%,0.00%,0.0%,,
Government,Tribal Provisions,COVID State Fiscal Recovery Fund,Base relief for tribal governments," $1,000,000,000 ",1.6%,69.4%,0.05%,3.5%,"$1 billion will be allocated equally among all tribal governments. Tribal governments can use the fundsby Dec.31, 2024,to: respond to or mitigate the COVID public health emergency and its negative economic impacts, including assistance to households, small businesses and nonprofits or to impacted industries such as tourism, travel and hospitality; respond to workers performing essential work during the COVID public health emergency by providing premium pay to eligible workers of tribal governments that are performing such essential work, or by providing grants to eligible employers that have eligible workers who perform essential work; provide government services to the extent of the reduction in revenue due to the pandemic in the most recent full fiscal year; make necessary investments in water, sewer or broadband infrastructure. A tribal government is defined as the governing body of any Indian or Alaska Native tribe, band, nation, pueblo, village, community, component band or component reservation individually identified in the annual list published pursuant to the Federally Recognized Indian Tribe List Act of 1994 (25 U.S.C. 5131)",
Government,Tribal Provisions,COVID State Fiscal Recovery Fund,Additional relief for tribal governments," $19,000,000,000 ",1.6%,69.4%,1.04%,66.0%,"$19 billion will be allocated among all tribal governments in amounts determined by the Secretary. Tribal governments can use the fundsby Dec.31, 2024,to: respond to or mitigate the COVID public health emergency and its negative economic impacts, including assistance to households, small businesses and nonprofits or to impacted industries such as tourism, travel and hospitality; respond to workers performing essential work during the COVID public health emergency by providing premium pay to eligible workers of tribal governments that are performing such essential work, or by providing grants to eligible employers that have eligible workers who perform essential work; provide government services to the extent of the reduction in revenue due to the pandemic in the most recent full fiscal year; make necessary investments in water, sewer or broadband infrastructure. A tribal government is defined as the governing body of any Indian or Alaska Native tribe, band, nation, pueblo, village, community, component band or component reservation individually identified in the annual list published pursuant to the Federally Recognized Indian Tribe List Act of 1994 (25 U.S.C. 5131)",
Government,Tribal Provisions,Indian Health Service,, $-   ,1.6%,21.2%,0.00%,0.0%,,
Government,Tribal Provisions,Indian Health Service,, $-   ,1.6%,21.2%,0.00%,0.0%,,
Government,Tribal Provisions,Indian Health Service,Lost reimbursement," $2,000,000,000 ",1.6%,21.2%,0.11%,6.9%,$2 billion is for lost reimbursements in accordance with Section 207 of the Indian Health Care Improvement Act,
Government,Tribal Provisions,Indian Health Service,Purchased/Referred Care," $500,000,000 ",1.6%,21.2%,0.03%,1.7%,$500 million is for Purchased/Referred Care,
Government,Tribal Provisions,Indian Health Service,Infrastructure upgrade," $140,000,000 ",1.6%,21.2%,0.01%,0.5%,"$140 million is for information, technology, telehealth infrastructure, and the Indian Health Service electronic health records system",
Government,Tribal Provisions,Indian Health Service,Operations maintenance," $84,000,000 ",1.6%,21.2%,0.00%,0.3%,$84 million is for maintaining operations of the Urban Indian health program,
Government,Tribal Provisions,Indian Health Service,Vaccine related," $600,000,000 ",1.6%,21.2%,0.03%,2.1%,"$600 million is for necessary expenses to plan, prepare for, promote, distribute, administer and track COVID vaccines",
Government,Tribal Provisions,Indian Health Service,COVID infections related," $1,500,000,000 ",1.6%,21.2%,0.08%,5.2%,"$1.5 billion is for necessary expenses todetect, diagnose, trace and monitor COVID infections; mitigate the spread of COVID; and purchase supplies necessary for these activities",
Government,Tribal Provisions,Indian Health Service,Public Health Workforce," $240,000,000 ",1.6%,21.2%,0.01%,0.8%,"$240 million is to establish, expand and sustain a public health workforce to prevent, prepare for and respond to COVID",
Government,Tribal Provisions,Indian Health Service,Mental and behavioral health related," $420,000,000 ",1.6%,21.2%,0.02%,1.5%,$420 million is for necessary expenses related to mental and behavioral health prevention and treatment services,
Government,Tribal Provisions,Indian Health Service,Physical infrastructure related," $600,000,000 ",1.6%,21.2%,0.03%,2.1%,"$600 million is for lease, purchase, construction, alteration, renovation or equipping health facilities to respond to COVID",
Government,Tribal Provisions,Indian Health Service,Potable water delivery," $10,000,000 ",1.6%,21.2%,0.00%,0.0%,$10 million is for expenses relating to potable water delivery,
Government,Tribal Provisions,Bureau of Indian Affairs,, $-   ,1.6%,3.1%,0.00%,0.0%,,
Government,Tribal Provisions,Bureau of Indian Affairs,Tribal housing improvement," $100,000,000 ",1.6%,3.1%,0.01%,0.3%,$100 million for tribal housing improvement,
Government,Tribal Provisions,Bureau of Indian Affairs,Tribal government services," $772,500,000 ",1.6%,3.1%,0.04%,2.7%,"$772.5 million for tribal government services, public safety and justice, social services, child welfare assistance and other related expenses",
Government,Tribal Provisions,Bureau of Indian Affairs,Costs and oversight," $7,500,000 ",1.6%,3.1%,0.00%,0.0%,$7.5 million for federal administrative costs and oversight,
Government,Tribal Provisions,Bureau of Indian Affairs,Potable water provision," $20,000,000 ",1.6%,3.1%,0.00%,0.1%,$20 million to provide and deliver potable water,
Government,Tribal Provisions,Housing assistance,Provision for tribal housing, $-   ,1.6%,2.6%,0.00%,0.0%,,
Government,Tribal Provisions,Housing assistance,Native American Housing Block Grant program," $450,000,000 ",1.6%,2.6%,0.02%,1.6%,"$450 million is allocated for the Native American Housing Block Grant program. Distributed according to the same funding formula used in FY 2021. May be used to prevent, prepare for and respond to COVID, including maintaining normal operations and funding affordable housing activities",
Government,Tribal Provisions,Housing assistance,Native Hawaiian Housing Block Grant program," $5,000,000 ",1.6%,2.6%,0.00%,0.0%,"$5 million for the Native Hawaiian Housing Block Grant program. Distributed according to the same funding formula used in FY 2021. May be used to prevent, prepare for and respond to COVID, including maintaining normal operations and funding affordable housing activities",
Government,Tribal Provisions,Housing assistance,Indian Community Development Block Grants," $280,000,000 ",1.6%,2.6%,0.02%,1.0%,"$280 million is allocated for Indian Community Development Block Grants, may be used to address emergencies that constitute imminent threats to health and safety and are designed to prevent, prepare for and respond to COVID",
Government,Tribal Provisions,Housing assistance,Technical Assistance," $10,000,000 ",1.6%,2.6%,0.00%,0.0%,$10 million is allocated for technical assistance,
Government,Tribal Provisions,Housing assistance,Administrative costs," $5,000,000 ",1.6%,2.6%,0.00%,0.0%,$5 million is allocated for administrative costs,
Government,Tribal Provisions,Native American languages preservation,Native American languages survival," $20,000,000 ",1.6%,,0.00%,0.1%,Provides $20 million for grants to ensure the survival and continuing vitality of Native American languages during the COVID pandemic,
Government,Tribal Provisions,Bureau of Indian Education,Programs and activities funded by Bureau of Indian Education," $850,000,000 ",1.6%,,0.05%,3.0%,"Provides $850 million to be allocated by the Director of the Bureau of Indian Education for programs and activities operated or funded by the Bureau of Indian Education, for Bureau-funded schools, and for tribal colleges and universities",
Government,Tribal Provisions,Native education,Tribal education agencies, $-   ,1.6%,0.7%,0.00%,0.0%,,
Government,Tribal Provisions,Native education,Section 612©," $20,000,000 ",1.6%,0.7%,0.00%,0.1%,$20 million for tribal education agencies pursuant to Section 612(c) of the Elementary and Secondary Education Act of 1965 to be allocated by the Secretary of the Department of Education,
Government,Tribal Provisions,Native education,Section 6205(a)(1)," $85,000,000 ",1.6%,0.7%,0.00%,0.3%,$85 million in grants pursuant to Section 6205(a)(1) of the Elementary and Secondary Education Act of 1965 to be allocated by the Secretary of the Department of Education,
Government,Tribal Provisions,Native education,Section 6304(a)(1)," $85,000,000 ",1.6%,0.7%,0.00%,0.3%,$85 million for grants pursuant to Section 6304(a)(1) of the Elementary and Secondary Education Act of 1965 to be allocated by the Secretary of the Department of Education,
,,,,,,,,,,
,,,,,,,,,,
,,,,,,,,,,
,,,,,,,,,,
,,,,,,,,,,